description,units,source key,2001,2002,2003,2004,2005,2006,2007,2008,2009,2010,2011,2012,2013,2014,2015,2016,2017,net_generation,2019
Net generation for wind,thousand megawatthours,,,,,,,,,,,,,,,,,,,,
United States,thousand megawatthours,ELEC.GEN.WND-US-99.A,,,,,,,,,,,,,,,,,,,
United States : all sectors,thousand megawatthours,ELEC.GEN.WND-US-99.A,6737,10354,11187,14144,17811,26589,34450,55363,73886,94652,120177,140822,167840,181655,190719,226993,254303,272667,300071
United States : electric power,,ELEC.GEN.WND-US-98.A,,,,,,,,,,,,,,,,,,,
United States : electric utility,thousand megawatthours,ELEC.GEN.WND-US-1.A,135,213,354,405,1046,2351,4361,6899,10348,13089,17140,22926,26436,27671,30412,35070,37068,38466,44432
United States : independent power producers,thousand megawatthours,ELEC.GEN.WND-US-94.A,6602,10141,10834,13739,16764,24238,30089,48464,63538,81547,102981,117822,141306,153825,160135,191720,217006,233931,255352
United States : all commercial,thousand megawatthours,ELEC.GEN.WND-US-96.A,--,--,--,--,--,--,--,--,0,16,51,54,61,107,118,131,144,174,181
United States : all industrial,thousand megawatthours,ELEC.GEN.WND-US-97.A,--,--,--,--,--,--,--,--,--,0,5,19,37,53,53,71,84,97,105
New England,thousand megawatthours,ELEC.GEN.WND-NEW-99.A,,,,,,,,,,,,,,,,,,,
New England : all sectors,thousand megawatthours,ELEC.GEN.WND-NEW-99.A,12,10,11,11,11,11,110,156,379,614,870,1294,1880,2055,2269,2646,3444,3556,3664
New England : electric power,,ELEC.GEN.WND-NEW-98.A,,,,,,,,,,,,,,,,,,,
New England : electric utility,thousand megawatthours,ELEC.GEN.WND-NEW-1.A,12,10,11,11,11,11,11,14,17,30,55,85,189,252,267,238,241,230,227
New England : independent power producers,thousand megawatthours,ELEC.GEN.WND-NEW-94.A,--,--,--,--,--,--,99,142,361,582,806,1199,1676,1768,1967,2380,3174,3294,3401
New England : all commercial,thousand megawatthours,ELEC.GEN.WND-NEW-96.A,--,--,--,--,--,--,--,--,0,2,9,9,15,32,33,27,28,29,33
New England : all industrial,thousand megawatthours,ELEC.GEN.WND-NEW-97.A,--,--,--,--,--,--,--,--,--,--,--,--,--,3,3,1,2,3,NM
Connecticut,thousand megawatthours,ELEC.GEN.WND-CT-99.A,,,,,,,,,,,,,,,,,,,
Connecticut : all sectors,thousand megawatthours,ELEC.GEN.WND-CT-99.A,--,--,--,--,--,--,--,--,--,--,--,--,--,--,--,13,13,12,13
Connecticut : electric power,,ELEC.GEN.WND-CT-98.A,,,,,,,,,,,,,,,,,,,
Connecticut : electric utility,thousand megawatthours,ELEC.GEN.WND-CT-1.A,--,--,--,--,--,--,--,--,--,--,--,--,--,--,--,--,--,--,--
Connecticut : independent power producers,thousand megawatthours,ELEC.GEN.WND-CT-94.A,--,--,--,--,--,--,--,--,--,--,--,--,--,--,--,13,13,12,13
Connecticut : all commercial,thousand megawatthours,ELEC.GEN.WND-CT-96.A,--,--,--,--,--,--,--,--,--,--,--,--,--,--,--,--,--,--,--
Connecticut : all industrial,thousand megawatthours,ELEC.GEN.WND-CT-97.A,--,--,--,--,--,--,--,--,--,--,--,--,--,--,--,--,--,--,--
Maine,thousand megawatthours,ELEC.GEN.WND-ME-99.A,,,,,,,,,,,,,,,,,,,
Maine : all sectors,thousand megawatthours,ELEC.GEN.WND-ME-99.A,--,--,--,--,--,--,99,132,299,499,707,887,1048,1097,1296,1667,2333,2384,2408
Maine : electric power,,ELEC.GEN.WND-ME-98.A,,,,,,,,,,,,,,,,,,,
Maine : electric utility,thousand megawatthours,ELEC.GEN.WND-ME-1.A,--,--,--,--,--,--,--,--,--,--,--,--,--,--,--,--,--,--,--
Maine : independent power producers,thousand megawatthours,ELEC.GEN.WND-ME-94.A,--,--,--,--,--,--,99,132,299,499,707,887,1048,1097,1296,1667,2333,2384,2408
Maine : all commercial,thousand megawatthours,ELEC.GEN.WND-ME-96.A,--,--,--,--,--,--,--,--,--,--,--,--,--,--,--,--,--,--,--
Maine : all industrial,thousand megawatthours,ELEC.GEN.WND-ME-97.A,--,--,--,--,--,--,--,--,--,--,--,--,--,--,--,--,--,--,--
Massachusetts,thousand megawatthours,ELEC.GEN.WND-MA-99.A,,,,,,,,,,,,,,,,,,,
Massachusetts : all sectors,thousand megawatthours,ELEC.GEN.WND-MA-99.A,--,0,--,--,--,--,--,4,6,22,61,90,205,225,215,216,233,221,223
Massachusetts : electric power,,ELEC.GEN.WND-MA-98.A,,,,,,,,,,,,,,,,,,,
Massachusetts : electric utility,thousand megawatthours,ELEC.GEN.WND-MA-1.A,--,0,--,--,--,--,--,4,6,16,44,59,62,62,62,59,62,58,56
Massachusetts : independent power producers,thousand megawatthours,ELEC.GEN.WND-MA-94.A,--,--,--,--,--,--,--,--,0,4,8,21,128,135,124,135,148,139,139
Massachusetts : all commercial,thousand megawatthours,ELEC.GEN.WND-MA-96.A,--,--,--,--,--,--,--,--,0,2,9,9,15,25,26,20,21,22,25
Massachusetts : all industrial,thousand megawatthours,ELEC.GEN.WND-MA-97.A,--,--,--,--,--,--,--,--,--,--,--,--,--,3,3,1,2,3,NM
New Hampshire,thousand megawatthours,ELEC.GEN.WND-NH-99.A,,,,,,,,,,,,,,,,,,,
New Hampshire : all sectors,thousand megawatthours,ELEC.GEN.WND-NH-99.A,--,--,--,--,--,--,--,10,62,76,66,209,389,412,423,432,412,407,409
New Hampshire : electric power,,ELEC.GEN.WND-NH-98.A,,,,,,,,,,,,,,,,,,,
New Hampshire : electric utility,thousand megawatthours,ELEC.GEN.WND-NH-1.A,--,--,--,--,--,--,--,--,--,--,--,--,--,--,--,--,--,--,--
New Hampshire : independent power producers,thousand megawatthours,ELEC.GEN.WND-NH-94.A,--,--,--,--,--,--,--,10,62,76,66,209,389,412,423,432,412,407,409
New Hampshire : all commercial,thousand megawatthours,ELEC.GEN.WND-NH-96.A,--,--,--,--,--,--,--,--,--,--,--,--,--,--,--,--,--,--,--
New Hampshire : all industrial,thousand megawatthours,ELEC.GEN.WND-NH-97.A,--,--,--,--,--,--,--,--,--,--,--,--,--,--,--,--,--,--,--
Rhode Island,thousand megawatthours,ELEC.GEN.WND-RI-99.A,,,,,,,,,,,,,,,,,,,
Rhode Island : all sectors,thousand megawatthours,ELEC.GEN.WND-RI-99.A,--,--,--,--,--,--,--,--,--,3,3,1,3,10,10,27,149,159,226
Rhode Island : electric power,,ELEC.GEN.WND-RI-98.A,,,,,,,,,,,,,,,,,,,
Rhode Island : electric utility,thousand megawatthours,ELEC.GEN.WND-RI-1.A,--,--,--,--,--,--,--,--,--,--,--,--,--,--,--,--,--,--,--
Rhode Island : independent power producers,thousand megawatthours,ELEC.GEN.WND-RI-94.A,--,--,--,--,--,--,--,--,--,3,3,1,3,2,3,20,142,151,219
Rhode Island : all commercial,thousand megawatthours,ELEC.GEN.WND-RI-96.A,--,--,--,--,--,--,--,--,--,--,--,--,--,8,7,7,7,7,8
Rhode Island : all industrial,thousand megawatthours,ELEC.GEN.WND-RI-97.A,--,--,--,--,--,--,--,--,--,--,--,--,--,--,--,--,--,--,--
Vermont,thousand megawatthours,ELEC.GEN.WND-VT-99.A,,,,,,,,,,,,,,,,,,,
Vermont : all sectors,thousand megawatthours,ELEC.GEN.WND-VT-99.A,12,10,11,11,11,11,11,10,12,14,33,107,236,311,325,291,305,373,384
Vermont : electric power,,ELEC.GEN.WND-VT-98.A,,,,,,,,,,,,,,,,,,,
Vermont : electric utility,thousand megawatthours,ELEC.GEN.WND-VT-1.A,12,10,11,11,11,11,11,10,12,14,11,26,127,190,205,179,178,173,171
Vermont : independent power producers,thousand megawatthours,ELEC.GEN.WND-VT-94.A,--,--,--,--,--,--,--,--,--,--,22,81,109,121,121,112,127,201,213
Vermont : all commercial,thousand megawatthours,ELEC.GEN.WND-VT-96.A,--,--,--,--,--,--,--,--,--,--,--,--,--,--,--,--,--,--,--
Vermont : all industrial,thousand megawatthours,ELEC.GEN.WND-VT-97.A,--,--,--,--,--,--,--,--,--,--,--,--,--,--,--,--,--,--,--
Middle Atlantic,thousand megawatthours,ELEC.GEN.WND-MAT-99.A,,,,,,,,,,,,,,,,,,,
Middle Atlantic : all sectors,thousand megawatthours,ELEC.GEN.WND-MAT-99.A,32,139,153,423,387,1032,1324,2001,3362,4463,4633,5132,6902,7556,7351,7437,7749,7588,8421
Middle Atlantic : electric power,,ELEC.GEN.WND-MAT-98.A,,,,,,,,,,,,,,,,,,,
Middle Atlantic : electric utility,thousand megawatthours,ELEC.GEN.WND-MAT-1.A,--,--,--,--,--,--,--,--,--,--,--,--,--,--,--,--,--,--,--
Middle Atlantic : independent power producers,thousand megawatthours,ELEC.GEN.WND-MAT-94.A,32,139,153,423,387,1032,1324,2001,3362,4463,4633,5128,6899,7554,7349,7436,7744,7579,8413
Middle Atlantic : all commercial,thousand megawatthours,ELEC.GEN.WND-MAT-96.A,--,--,--,--,--,--,--,--,--,--,--,--,--,--,--,--,4,3,NM
Middle Atlantic : all industrial,thousand megawatthours,ELEC.GEN.WND-MAT-97.A,--,--,--,--,--,--,--,--,--,--,--,4,4,2,2,2,1,6,NM
New Jersey,thousand megawatthours,ELEC.GEN.WND-NJ-99.A,,,,,,,,,,,,,,,,,,,
New Jersey : all sectors,thousand megawatthours,ELEC.GEN.WND-NJ-99.A,--,--,--,--,--,16,20,21,21,13,11,12,11,23,22,21,22,23,22
New Jersey : electric power,,ELEC.GEN.WND-NJ-98.A,,,,,,,,,,,,,,,,,,,
New Jersey : electric utility,thousand megawatthours,ELEC.GEN.WND-NJ-1.A,--,--,--,--,--,--,--,--,--,--,--,--,--,--,--,--,--,--,--
New Jersey : independent power producers,thousand megawatthours,ELEC.GEN.WND-NJ-94.A,--,--,--,--,--,16,20,21,21,13,11,12,11,23,22,21,22,23,22
New Jersey : all commercial,thousand megawatthours,ELEC.GEN.WND-NJ-96.A,--,--,--,--,--,--,--,--,--,--,--,--,--,--,--,--,--,--,--
New Jersey : all industrial,thousand megawatthours,ELEC.GEN.WND-NJ-97.A,--,--,--,--,--,--,--,--,--,--,--,--,--,--,--,--,--,--,--
New York,thousand megawatthours,ELEC.GEN.WND-NY-99.A,,,,,,,,,,,,,,,,,,,
New York : all sectors,thousand megawatthours,ELEC.GEN.WND-NY-99.A,21,82,41,116,103,655,833,1251,2266,2596,2828,2992,3539,3968,3977,3940,4136,3998,4850
New York : electric power,,ELEC.GEN.WND-NY-98.A,,,,,,,,,,,,,,,,,,,
New York : electric utility,thousand megawatthours,ELEC.GEN.WND-NY-1.A,--,--,--,--,--,--,--,--,--,--,--,--,--,--,--,--,--,--,--
New York : independent power producers,thousand megawatthours,ELEC.GEN.WND-NY-94.A,21,82,41,116,103,655,833,1251,2266,2596,2828,2988,3536,3966,3974,3939,4131,3989,4842
New York : all commercial,thousand megawatthours,ELEC.GEN.WND-NY-96.A,--,--,--,--,--,--,--,--,--,--,--,--,--,--,--,--,4,3,NM
New York : all industrial,thousand megawatthours,ELEC.GEN.WND-NY-97.A,--,--,--,--,--,--,--,--,--,--,--,4,4,2,2,2,1,6,NM
Pennsylvania,thousand megawatthours,ELEC.GEN.WND-PA-99.A,,,,,,,,,,,,,,,,,,,
Pennsylvania : all sectors,thousand megawatthours,ELEC.GEN.WND-PA-99.A,11,58,112,306,284,361,470,729,1075,1854,1794,2129,3352,3565,3353,3476,3591,3567,3549
Pennsylvania : electric power,,ELEC.GEN.WND-PA-98.A,,,,,,,,,,,,,,,,,,,
Pennsylvania : electric utility,thousand megawatthours,ELEC.GEN.WND-PA-1.A,--,--,--,--,--,--,--,--,--,--,--,--,--,--,--,--,--,--,--
Pennsylvania : independent power producers,thousand megawatthours,ELEC.GEN.WND-PA-94.A,11,58,112,306,284,361,470,729,1075,1854,1794,2129,3352,3565,3353,3476,3591,3567,3549
Pennsylvania : all commercial,thousand megawatthours,ELEC.GEN.WND-PA-96.A,--,--,--,--,--,--,--,--,--,--,--,--,--,--,--,--,--,--,--
Pennsylvania : all industrial,thousand megawatthours,ELEC.GEN.WND-PA-97.A,--,--,--,--,--,--,--,--,--,--,--,--,--,--,--,--,--,--,--
East North Central,thousand megawatthours,ELEC.GEN.WND-ENC-99.A,,,,,,,,,,,,,,,,,,,
East North Central : all sectors,thousand megawatthours,ELEC.GEN.WND-ENC-99.A,73,47,118,184,249,373,791,3219,5589,8849,11341,14612,18610,20218,22852,23019,25778,26181,29528
East North Central : electric power,,ELEC.GEN.WND-ENC-98.A,,,,,,,,,,,,,,,,,,,
East North Central : electric utility,thousand megawatthours,ELEC.GEN.WND-ENC-1.A,44,46,43,43,51,57,65,282,573,562,602,1242,2205,2381,3053,2942,2846,2930,3174
East North Central : independent power producers,thousand megawatthours,ELEC.GEN.WND-ENC-94.A,29,0,76,140,198,316,726,2936,5016,8285,10736,13357,16374,17790,19751,20010,22859,23154,26248
East North Central : all commercial,thousand megawatthours,ELEC.GEN.WND-ENC-96.A,--,--,--,--,--,--,--,--,--,NM,1,1,1,5,6,8,10,28,28
East North Central : all industrial,thousand megawatthours,ELEC.GEN.WND-ENC-97.A,--,--,--,--,--,--,--,--,--,--,2,12,29,42,41,59,63,70,78
Illinois,thousand megawatthours,ELEC.GEN.WND-IL-99.A,,,,,,,,,,,,,,,,,,,
Illinois : all sectors,thousand megawatthours,ELEC.GEN.WND-IL-99.A,--,--,18,78,141,255,664,2337,2820,4454,6213,7727,9625,10083,10747,10663,12268,11899,13831
Illinois : electric power,,ELEC.GEN.WND-IL-98.A,,,,,,,,,,,,,,,,,,,
Illinois : electric utility,thousand megawatthours,ELEC.GEN.WND-IL-1.A,--,--,--,--,--,4,4,4,3,8,11,14,4,13,14,13,13,12,13
Illinois : independent power producers,thousand megawatthours,ELEC.GEN.WND-IL-94.A,--,--,18,78,141,251,661,2333,2816,4446,6202,7713,9622,10066,10728,10646,12249,11882,13814
Illinois : all commercial,thousand megawatthours,ELEC.GEN.WND-IL-96.A,--,--,--,--,--,--,--,--,--,--,--,--,--,4,5,5,5,5,NM
Illinois : all industrial,thousand megawatthours,ELEC.GEN.WND-IL-97.A,--,--,--,--,--,--,--,--,--,--,--,--,--,--,--,--,--,--,--
Indiana,thousand megawatthours,ELEC.GEN.WND-IN-99.A,,,,,,,,,,,,,,,,,,,
Indiana : all sectors,thousand megawatthours,ELEC.GEN.WND-IN-99.A,--,--,--,--,--,--,--,238,1403,2934,3285,3210,3481,3496,4515,4899,5089,5437,6206
Indiana : electric power,,ELEC.GEN.WND-IN-98.A,,,,,,,,,,,,,,,,,,,
Indiana : electric utility,thousand megawatthours,ELEC.GEN.WND-IN-1.A,--,--,--,--,--,--,--,--,--,--,--,--,--,--,--,--,--,--,--
Indiana : independent power producers,thousand megawatthours,ELEC.GEN.WND-IN-94.A,--,--,--,--,--,--,--,238,1403,2932,3284,3209,3480,3495,4514,4899,5089,5437,6206
Indiana : all commercial,thousand megawatthours,ELEC.GEN.WND-IN-96.A,--,--,--,--,--,--,--,--,--,NM,1,1,1,1,1,1,1,0,0
Indiana : all industrial,thousand megawatthours,ELEC.GEN.WND-IN-97.A,--,--,--,--,--,--,--,--,--,--,--,--,--,--,--,--,--,--,--
Michigan,thousand megawatthours,ELEC.GEN.WND-MI-99.A,,,,,,,,,,,,,,,,,,,
Michigan : all sectors,thousand megawatthours,ELEC.GEN.WND-MI-99.A,0,0,3,2,2,2,3,141,300,360,456,1132,2800,3868,4797,4696,5191,5457,5813
Michigan : electric power,,ELEC.GEN.WND-MI-98.A,,,,,,,,,,,,,,,,,,,
Michigan : electric utility,thousand megawatthours,ELEC.GEN.WND-MI-1.A,--,--,--,--,--,--,--,--,--,--,3,274,1190,1327,1975,1947,1836,2029,2281
Michigan : independent power producers,thousand megawatthours,ELEC.GEN.WND-MI-94.A,0,0,3,2,2,2,3,141,300,360,454,858,1609,2541,2822,2749,3355,3429,3533
Michigan : all commercial,thousand megawatthours,ELEC.GEN.WND-MI-96.A,--,--,--,--,--,--,--,--,--,--,--,--,--,--,--,--,--,--,--
Michigan : all industrial,thousand megawatthours,ELEC.GEN.WND-MI-97.A,--,--,--,--,--,--,--,--,--,--,--,--,--,--,--,--,--,--,--
Ohio,thousand megawatthours,ELEC.GEN.WND-OH-99.A,,,,,,,,,,,,,,,,,,,
Ohio : all sectors,thousand megawatthours,ELEC.GEN.WND-OH-99.A,--,--,--,--,13,14,15,15,14,13,198,985,1146,1153,1203,1245,1589,1750,2029
Ohio : electric power,,ELEC.GEN.WND-OH-98.A,,,,,,,,,,,,,,,,,,,
Ohio : electric utility,thousand megawatthours,ELEC.GEN.WND-OH-1.A,--,--,--,--,13,14,15,15,14,13,14,14,14,14,13,11,12,11,11
Ohio : independent power producers,thousand megawatthours,ELEC.GEN.WND-OH-94.A,--,--,--,--,--,--,--,--,--,--,182,959,1102,1104,1156,1180,1518,1673,1944
Ohio : all commercial,thousand megawatthours,ELEC.GEN.WND-OH-96.A,--,--,--,--,--,--,--,--,--,--,--,--,--,--,--,3,4,3,3
Ohio : all industrial,thousand megawatthours,ELEC.GEN.WND-OH-97.A,--,--,--,--,--,--,--,--,--,--,2,12,29,35,34,52,55,63,70
Wisconsin,thousand megawatthours,ELEC.GEN.WND-WI-99.A,,,,,,,,,,,,,,,,,,,
Wisconsin : all sectors,thousand megawatthours,ELEC.GEN.WND-WI-99.A,72,46,98,104,93,101,109,487,1052,1088,1188,1558,1558,1618,1589,1515,1641,1638,1649
Wisconsin : electric power,,ELEC.GEN.WND-WI-98.A,,,,,,,,,,,,,,,,,,,
Wisconsin : electric utility,thousand megawatthours,ELEC.GEN.WND-WI-1.A,44,46,43,43,37,39,47,263,555,541,574,939,997,1026,1051,972,984,878,870
Wisconsin : independent power producers,thousand megawatthours,ELEC.GEN.WND-WI-94.A,29,--,55,60,55,62,63,224,497,547,614,618,561,585,531,536,649,733,752
Wisconsin : all commercial,thousand megawatthours,ELEC.GEN.WND-WI-96.A,--,--,--,--,--,--,--,--,--,--,--,--,--,--,--,--,--,20,20
Wisconsin : all industrial,thousand megawatthours,ELEC.GEN.WND-WI-97.A,--,--,--,--,--,--,--,--,--,--,--,--,--,7,7,7,7,7,7
West North Central,thousand megawatthours,ELEC.GEN.WND-WNC-99.A,,,,,,,,,,,,,,,,,,,
West North Central : all sectors,thousand megawatthours,ELEC.GEN.WND-WNC-99.A,1428,2305,2467,2632,4130,6144,7536,12454,19637,24182,31288,37561,44436,49249,51867,60923,72542,72907,83154
West North Central : electric power,,ELEC.GEN.WND-WNC-98.A,,,,,,,,,,,,,,,,,,,
West North Central : electric utility,thousand megawatthours,ELEC.GEN.WND-WNC-1.A,14,28,66,65,720,1514,2091,3048,5219,6713,9376,12051,13791,14742,17430,21334,24237,24282,28513
West North Central : independent power producers,thousand megawatthours,ELEC.GEN.WND-WNC-94.A,1414,2278,2401,2566,3411,4630,5445,9406,14419,17457,21885,25479,30614,34473,34405,39556,48259,48578,54594
West North Central : all commercial,thousand megawatthours,ELEC.GEN.WND-WNC-96.A,--,--,--,--,--,--,--,--,--,12,26,31,31,34,32,33,46,47,47
West North Central : all industrial,thousand megawatthours,ELEC.GEN.WND-WNC-97.A,--,--,--,--,--,--,--,--,--,--,--,--,--,--,--,--,--,--,--
Iowa,thousand megawatthours,ELEC.GEN.WND-IA-99.A,,,,,,,,,,,,,,,,,,,
Iowa : all sectors,thousand megawatthours,ELEC.GEN.WND-IA-99.A,488,919,982,1050,1647,2318,2757,4084,7421,9170,10709,14032,15568,16307,17873,20072,21373,21334,26558
Iowa : electric power,,ELEC.GEN.WND-IA-98.A,,,,,,,,,,,,,,,,,,,
Iowa : electric utility,thousand megawatthours,ELEC.GEN.WND-IA-1.A,10,13,14,10,609,1120,1530,2354,3598,4407,5122,7452,8576,9034,10724,12770,14206,14834,18964
Iowa : independent power producers,thousand megawatthours,ELEC.GEN.WND-IA-94.A,477,905,968,1040,1038,1198,1226,1730,3822,4764,5583,6578,6989,7269,7146,7298,7163,6497,7590
Iowa : all commercial,thousand megawatthours,ELEC.GEN.WND-IA-96.A,--,--,--,--,--,--,--,--,--,--,4,3,4,4,3,4,4,3,4
Iowa : all industrial,thousand megawatthours,ELEC.GEN.WND-IA-97.A,--,--,--,--,--,--,--,--,--,--,--,--,--,--,--,--,--,--,--
Kansas,thousand megawatthours,ELEC.GEN.WND-KS-99.A,,,,,,,,,,,,,,,,,,,
Kansas : all sectors,thousand megawatthours,ELEC.GEN.WND-KS-99.A,40,467,366,359,426,992,1153,1759,2863,3405,3720,5195,9433,10845,10999,14111,18598,18908,21501
Kansas : electric power,,ELEC.GEN.WND-KS-98.A,,,,,,,,,,,,,,,,,,,
Kansas : electric utility,thousand megawatthours,ELEC.GEN.WND-KS-1.A,--,--,2,3,1,106,306,415,642,819,1018,852,917,902,883,830,1651,1900,1922
Kansas : independent power producers,thousand megawatthours,ELEC.GEN.WND-KS-94.A,40,467,364,356,425,885,847,1344,2221,2586,2702,4343,8516,9943,10115,13281,16932,16992,19564
Kansas : all commercial,thousand megawatthours,ELEC.GEN.WND-KS-96.A,--,--,--,--,--,--,--,--,--,--,--,--,--,--,--,--,15,16,15
Kansas : all industrial,thousand megawatthours,ELEC.GEN.WND-KS-97.A,--,--,--,--,--,--,--,--,--,--,--,--,--,--,--,--,--,--,--
Minnesota,thousand megawatthours,ELEC.GEN.WND-MN-99.A,,,,,,,,,,,,,,,,,,,
Minnesota : all sectors,thousand megawatthours,ELEC.GEN.WND-MN-99.A,897,906,978,812,1582,2055,2639,4355,5053,4792,6726,8176,8259,9691,9779,9933,11137,10714,11040
Minnesota : electric power,,ELEC.GEN.WND-MN-98.A,,,,,,,,,,,,,,,,,,,
Minnesota : electric utility,thousand megawatthours,ELEC.GEN.WND-MN-1.A,--,0,0,3,3,15,25,51,383,390,1379,1613,1762,1941,2152,2646,2656,2405,2397
Minnesota : independent power producers,thousand megawatthours,ELEC.GEN.WND-MN-94.A,897,906,978,809,1580,2040,2613,4303,4670,4390,5324,6535,6469,7720,7598,7259,8455,8284,8618
Minnesota : all commercial,thousand megawatthours,ELEC.GEN.WND-MN-96.A,--,--,--,--,--,--,--,--,--,12,23,28,28,30,29,29,26,25,25
Minnesota : all industrial,thousand megawatthours,ELEC.GEN.WND-MN-97.A,--,--,--,--,--,--,--,--,--,--,--,--,--,--,--,--,--,--,--
Missouri,thousand megawatthours,ELEC.GEN.WND-MO-99.A,,,,,,,,,,,,,,,,,,,
Missouri : all sectors,thousand megawatthours,ELEC.GEN.WND-MO-99.A,--,--,--,--,--,--,--,203,499,925,1178,1245,1167,1131,1033,1122,2032,2835,2872
Missouri : electric power,,ELEC.GEN.WND-MO-98.A,,,,,,,,,,,,,,,,,,,
Missouri : electric utility,thousand megawatthours,ELEC.GEN.WND-MO-1.A,--,--,--,--,--,--,--,--,--,--,--,--,--,--,--,--,--,--,--
Missouri : independent power producers,thousand megawatthours,ELEC.GEN.WND-MO-94.A,--,--,--,--,--,--,--,203,499,925,1178,1245,1167,1131,1033,1122,2032,2835,2872
Missouri : all commercial,thousand megawatthours,ELEC.GEN.WND-MO-96.A,--,--,--,--,--,--,--,--,--,--,--,--,--,--,--,--,--,--,--
Missouri : all industrial,thousand megawatthours,ELEC.GEN.WND-MO-97.A,--,--,--,--,--,--,--,--,--,--,--,--,--,--,--,--,--,--,--
Nebraska,thousand megawatthours,ELEC.GEN.WND-NE-99.A,,,,,,,,,,,,,,,,,,,
Nebraska : all sectors,thousand megawatthours,ELEC.GEN.WND-NE-99.A,3,8,38,38,97,261,217,214,383,422,1051,1284,1802,2737,3180,3798,5084,5549,7414
Nebraska : electric power,,ELEC.GEN.WND-NE-98.A,,,,,,,,,,,,,,,,,,,
Nebraska : electric utility,thousand megawatthours,ELEC.GEN.WND-NE-1.A,3,8,38,38,97,261,217,214,218,213,229,212,219,226,218,192,166,169,290
Nebraska : independent power producers,thousand megawatthours,ELEC.GEN.WND-NE-94.A,--,--,--,--,--,--,--,--,165,208,822,1072,1583,2511,2963,3606,4918,5380,7125
Nebraska : all commercial,thousand megawatthours,ELEC.GEN.WND-NE-96.A,--,--,--,--,--,--,--,--,--,--,--,--,--,--,--,--,--,--,--
Nebraska : all industrial,thousand megawatthours,ELEC.GEN.WND-NE-97.A,--,--,--,--,--,--,--,--,--,--,--,--,--,--,--,--,--,--,--
North Dakota,thousand megawatthours,ELEC.GEN.WND-ND-99.A,,,,,,,,,,,,,,,,,,,
North Dakota : all sectors,thousand megawatthours,ELEC.GEN.WND-ND-99.A,--,--,59,215,220,369,621,1693,2998,4096,5236,5275,5519,6202,6506,8172,11359,10733,10754
North Dakota : electric power,,ELEC.GEN.WND-ND-98.A,,,,,,,,,,,,,,,,,,,
North Dakota : electric utility,thousand megawatthours,ELEC.GEN.WND-ND-1.A,--,--,7,6,5,6,7,7,372,879,1120,1256,1707,1953,2622,3905,4651,4127,4096
North Dakota : independent power producers,thousand megawatthours,ELEC.GEN.WND-ND-94.A,--,--,52,209,215,363,614,1687,2625,3216,4116,4019,3812,4250,3883,4267,6708,6604,6654
North Dakota : all commercial,thousand megawatthours,ELEC.GEN.WND-ND-96.A,--,--,--,--,--,--,--,--,--,--,--,--,--,--,--,--,--,NM,NM
North Dakota : all industrial,thousand megawatthours,ELEC.GEN.WND-ND-97.A,--,--,--,--,--,--,--,--,--,--,--,--,--,--,--,--,--,--,--
South Dakota,thousand megawatthours,ELEC.GEN.WND-SD-99.A,,,,,,,,,,,,,,,,,,,
South Dakota : all sectors,thousand megawatthours,ELEC.GEN.WND-SD-99.A,1,6,44,158,158,149,150,145,421,1372,2668,2354,2688,2336,2498,3714,2958,2835,3015
South Dakota : electric power,,ELEC.GEN.WND-SD-98.A,,,,,,,,,,,,,,,,,,,
South Dakota : electric utility,thousand megawatthours,ELEC.GEN.WND-SD-1.A,1,6,5,5,6,6,5,5,5,5,509,667,610,686,831,991,908,849,843
South Dakota : independent power producers,thousand megawatthours,ELEC.GEN.WND-SD-94.A,--,--,39,153,152,143,145,140,416,1367,2160,1687,2078,1650,1667,2723,2050,1986,2172
South Dakota : all commercial,thousand megawatthours,ELEC.GEN.WND-SD-96.A,--,--,--,--,--,--,--,--,--,--,--,--,--,--,--,--,--,--,--
South Dakota : all industrial,thousand megawatthours,ELEC.GEN.WND-SD-97.A,--,--,--,--,--,--,--,--,--,--,--,--,--,--,--,--,--,--,--
South Atlantic,thousand megawatthours,ELEC.GEN.WND-SAT-99.A,,,,,,,,,,,,,,,,,,,
South Atlantic : all sectors,thousand megawatthours,ELEC.GEN.WND-SAT-99.A,--,9,170,161,154,174,168,392,742,943,1378,1611,1713,1780,1816,1971,2719,2888,2843
South Atlantic : electric power,,ELEC.GEN.WND-SAT-98.A,,,,,,,,,,,,,,,,,,,
South Atlantic : electric utility,thousand megawatthours,ELEC.GEN.WND-SAT-1.A,--,--,--,--,--,--,--,--,--,--,--,--,--,--,--,--,--,--,--
South Atlantic : independent power producers,thousand megawatthours,ELEC.GEN.WND-SAT-94.A,--,9,170,161,154,174,168,392,742,943,1373,1608,1708,1775,1811,1966,2714,2883,2838
South Atlantic : all commercial,thousand megawatthours,ELEC.GEN.WND-SAT-96.A,--,--,--,--,--,--,--,--,--,--,5,4,4,5,5,5,5,5,5
South Atlantic : all industrial,thousand megawatthours,ELEC.GEN.WND-SAT-97.A,--,--,--,--,--,--,--,--,--,--,--,--,--,--,--,--,--,--,--
Delaware,thousand megawatthours,ELEC.GEN.WND-DE-99.A,,,,,,,,,,,,,,,,,,,
Delaware : all sectors,thousand megawatthours,ELEC.GEN.WND-DE-99.A,--,--,--,--,--,--,--,--,--,3,5,4,4,5,5,5,5,5,5
Delaware : electric power,,ELEC.GEN.WND-DE-98.A,,,,,,,,,,,,,,,,,,,
Delaware : electric utility,thousand megawatthours,ELEC.GEN.WND-DE-1.A,--,--,--,--,--,--,--,--,--,--,--,--,--,--,--,--,--,--,--
Delaware : independent power producers,thousand megawatthours,ELEC.GEN.WND-DE-94.A,--,--,--,--,--,--,--,--,--,3,--,--,--,--,--,--,--,--,--
Delaware : all commercial,thousand megawatthours,ELEC.GEN.WND-DE-96.A,--,--,--,--,--,--,--,--,--,--,5,4,4,5,5,5,5,5,5
Delaware : all industrial,thousand megawatthours,ELEC.GEN.WND-DE-97.A,--,--,--,--,--,--,--,--,--,--,--,--,--,--,--,--,--,--,--
District Of Columbia,thousand megawatthours,ELEC.GEN.WND-DC-99.A,,,,,,,,,,,,,,,,,,,
District Of Columbia : all sectors,thousand megawatthours,ELEC.GEN.WND-DC-99.A,--,--,--,--,--,--,--,--,--,--,--,--,--,--,--,--,--,--,--
District Of Columbia : electric power,,ELEC.GEN.WND-DC-98.A,,,,,,,,,,,,,,,,,,,
District Of Columbia : electric utility,thousand megawatthours,ELEC.GEN.WND-DC-1.A,--,--,--,--,--,--,--,--,--,--,--,--,--,--,--,--,--,--,--
District Of Columbia : independent power producers,thousand megawatthours,ELEC.GEN.WND-DC-94.A,--,--,--,--,--,--,--,--,--,--,--,--,--,--,--,--,--,--,--
District Of Columbia : all commercial,thousand megawatthours,ELEC.GEN.WND-DC-96.A,--,--,--,--,--,--,--,--,--,--,--,--,--,--,--,--,--,--,--
District Of Columbia : all industrial,thousand megawatthours,ELEC.GEN.WND-DC-97.A,--,--,--,--,--,--,--,--,--,--,--,--,--,--,--,--,--,--,--
Florida,thousand megawatthours,ELEC.GEN.WND-FL-99.A,,,,,,,,,,,,,,,,,,,
Florida : all sectors,thousand megawatthours,ELEC.GEN.WND-FL-99.A,--,--,--,--,--,--,--,--,--,--,--,--,--,--,--,--,--,--,1
Florida : electric power,,ELEC.GEN.WND-FL-98.A,,,,,,,,,,,,,,,,,,,
Florida : electric utility,thousand megawatthours,ELEC.GEN.WND-FL-1.A,--,--,--,--,--,--,--,--,--,--,--,--,--,--,--,--,--,--,--
Florida : independent power producers,thousand megawatthours,ELEC.GEN.WND-FL-94.A,--,--,--,--,--,--,--,--,--,--,--,--,--,--,--,--,--,--,1
Florida : all commercial,thousand megawatthours,ELEC.GEN.WND-FL-96.A,--,--,--,--,--,--,--,--,--,--,--,--,--,--,--,--,--,--,--
Florida : all industrial,thousand megawatthours,ELEC.GEN.WND-FL-97.A,--,--,--,--,--,--,--,--,--,--,--,--,--,--,--,--,--,--,--
Georgia,thousand megawatthours,ELEC.GEN.WND-GA-99.A,,,,,,,,,,,,,,,,,,,
Georgia : all sectors,thousand megawatthours,ELEC.GEN.WND-GA-99.A,--,--,--,--,--,--,--,--,--,--,--,--,--,--,--,--,--,--,--
Georgia : electric power,,ELEC.GEN.WND-GA-98.A,,,,,,,,,,,,,,,,,,,
Georgia : electric utility,thousand megawatthours,ELEC.GEN.WND-GA-1.A,--,--,--,--,--,--,--,--,--,--,--,--,--,--,--,--,--,--,--
Georgia : independent power producers,thousand megawatthours,ELEC.GEN.WND-GA-94.A,--,--,--,--,--,--,--,--,--,--,--,--,--,--,--,--,--,--,--
Georgia : all commercial,thousand megawatthours,ELEC.GEN.WND-GA-96.A,--,--,--,--,--,--,--,--,--,--,--,--,--,--,--,--,--,--,--
Georgia : all industrial,thousand megawatthours,ELEC.GEN.WND-GA-97.A,--,--,--,--,--,--,--,--,--,--,--,--,--,--,--,--,--,--,--
Maryland,thousand megawatthours,ELEC.GEN.WND-MD-99.A,,,,,,,,,,,,,,,,,,,
Maryland : all sectors,thousand megawatthours,ELEC.GEN.WND-MD-99.A,--,--,--,--,--,--,--,--,--,1,271,322,322,324,435,527,561,570,577
Maryland : electric power,,ELEC.GEN.WND-MD-98.A,,,,,,,,,,,,,,,,,,,
Maryland : electric utility,thousand megawatthours,ELEC.GEN.WND-MD-1.A,--,--,--,--,--,--,--,--,--,--,--,--,--,--,--,--,--,--,--
Maryland : independent power producers,thousand megawatthours,ELEC.GEN.WND-MD-94.A,--,--,--,--,--,--,--,--,--,1,271,322,322,324,435,527,561,570,577
Maryland : all commercial,thousand megawatthours,ELEC.GEN.WND-MD-96.A,--,--,--,--,--,--,--,--,--,--,--,--,--,--,--,--,--,--,--
Maryland : all industrial,thousand megawatthours,ELEC.GEN.WND-MD-97.A,--,--,--,--,--,--,--,--,--,--,--,--,--,--,--,--,--,--,--
North Carolina,thousand megawatthours,ELEC.GEN.WND-NC-99.A,,,,,,,,,,,,,,,,,,,
North Carolina : all sectors,thousand megawatthours,ELEC.GEN.WND-NC-99.A,--,--,--,--,--,--,--,--,--,--,--,--,--,--,--,6,471,543,523
North Carolina : electric power,,ELEC.GEN.WND-NC-98.A,,,,,,,,,,,,,,,,,,,
North Carolina : electric utility,thousand megawatthours,ELEC.GEN.WND-NC-1.A,--,--,--,--,--,--,--,--,--,--,--,--,--,--,--,--,--,--,--
North Carolina : independent power producers,thousand megawatthours,ELEC.GEN.WND-NC-94.A,--,--,--,--,--,--,--,--,--,--,--,--,--,--,--,6,471,543,523
North Carolina : all commercial,thousand megawatthours,ELEC.GEN.WND-NC-96.A,--,--,--,--,--,--,--,--,--,--,--,--,--,--,--,--,--,--,--
North Carolina : all industrial,thousand megawatthours,ELEC.GEN.WND-NC-97.A,--,--,--,--,--,--,--,--,--,--,--,--,--,--,--,--,--,--,--
South Carolina,thousand megawatthours,ELEC.GEN.WND-SC-99.A,,,,,,,,,,,,,,,,,,,
South Carolina : all sectors,thousand megawatthours,ELEC.GEN.WND-SC-99.A,--,--,--,--,--,--,--,--,--,--,--,--,--,--,--,--,--,--,--
South Carolina : electric power,,ELEC.GEN.WND-SC-98.A,,,,,,,,,,,,,,,,,,,
South Carolina : electric utility,thousand megawatthours,ELEC.GEN.WND-SC-1.A,--,--,--,--,--,--,--,--,--,--,--,--,--,--,--,--,--,--,--
South Carolina : independent power producers,thousand megawatthours,ELEC.GEN.WND-SC-94.A,--,--,--,--,--,--,--,--,--,--,--,--,--,--,--,--,--,--,--
South Carolina : all commercial,thousand megawatthours,ELEC.GEN.WND-SC-96.A,--,--,--,--,--,--,--,--,--,--,--,--,--,--,--,--,--,--,--
South Carolina : all industrial,thousand megawatthours,ELEC.GEN.WND-SC-97.A,--,--,--,--,--,--,--,--,--,--,--,--,--,--,--,--,--,--,--
Virginia,thousand megawatthours,ELEC.GEN.WND-VA-99.A,,,,,,,,,,,,,,,,,,,
Virginia : all sectors,thousand megawatthours,ELEC.GEN.WND-VA-99.A,--,--,--,--,--,--,--,--,--,--,--,--,--,--,--,--,--,--,--
Virginia : electric power,,ELEC.GEN.WND-VA-98.A,,,,,,,,,,,,,,,,,,,
Virginia : electric utility,thousand megawatthours,ELEC.GEN.WND-VA-1.A,--,--,--,--,--,--,--,--,--,--,--,--,--,--,--,--,--,--,--
Virginia : independent power producers,thousand megawatthours,ELEC.GEN.WND-VA-94.A,--,--,--,--,--,--,--,--,--,--,--,--,--,--,--,--,--,--,--
Virginia : all commercial,thousand megawatthours,ELEC.GEN.WND-VA-96.A,--,--,--,--,--,--,--,--,--,--,--,--,--,--,--,--,--,--,--
Virginia : all industrial,thousand megawatthours,ELEC.GEN.WND-VA-97.A,--,--,--,--,--,--,--,--,--,--,--,--,--,--,--,--,--,--,--
West Virginia,thousand megawatthours,ELEC.GEN.WND-WV-99.A,,,,,,,,,,,,,,,,,,,
West Virginia : all sectors,thousand megawatthours,ELEC.GEN.WND-WV-99.A,--,9,170,161,154,174,168,392,742,939,1103,1286,1387,1451,1376,1432,1682,1770,1737
West Virginia : electric power,,ELEC.GEN.WND-WV-98.A,,,,,,,,,,,,,,,,,,,
West Virginia : electric utility,thousand megawatthours,ELEC.GEN.WND-WV-1.A,--,--,--,--,--,--,--,--,--,--,--,--,--,--,--,--,--,--,--
West Virginia : independent power producers,thousand megawatthours,ELEC.GEN.WND-WV-94.A,--,9,170,161,154,174,168,392,742,939,1103,1286,1387,1451,1376,1432,1682,1770,1737
West Virginia : all commercial,thousand megawatthours,ELEC.GEN.WND-WV-96.A,--,--,--,--,--,--,--,--,--,--,--,--,--,--,--,--,--,--,--
West Virginia : all industrial,thousand megawatthours,ELEC.GEN.WND-WV-97.A,--,--,--,--,--,--,--,--,--,--,--,--,--,--,--,--,--,--,--
East South Central,thousand megawatthours,ELEC.GEN.WND-ESC-99.A,,,,,,,,,,,,,,,,,,,
East South Central : all sectors,thousand megawatthours,ELEC.GEN.WND-ESC-99.A,--,4,4,4,3,55,50,50,52,41,53,47,47,51,46,38,43,41,41
East South Central : electric power,,ELEC.GEN.WND-ESC-98.A,,,,,,,,,,,,,,,,,,,
East South Central : electric utility,thousand megawatthours,ELEC.GEN.WND-ESC-1.A,--,4,4,4,3,3,2,2,0,0,0,0,0,0,0,0,0,0,0
East South Central : independent power producers,thousand megawatthours,ELEC.GEN.WND-ESC-94.A,--,--,--,--,--,52,48,48,51,41,53,47,47,51,46,38,43,41,41
East South Central : all commercial,thousand megawatthours,ELEC.GEN.WND-ESC-96.A,--,--,--,--,--,--,--,--,--,--,--,--,--,--,--,--,--,--,--
East South Central : all industrial,thousand megawatthours,ELEC.GEN.WND-ESC-97.A,--,--,--,--,--,--,--,--,--,--,--,--,--,--,--,--,--,--,--
Alabama,thousand megawatthours,ELEC.GEN.WND-AL-99.A,,,,,,,,,,,,,,,,,,,
Alabama : all sectors,thousand megawatthours,ELEC.GEN.WND-AL-99.A,--,--,--,--,--,--,--,--,--,--,--,--,--,--,--,--,--,--,--
Alabama : electric power,,ELEC.GEN.WND-AL-98.A,,,,,,,,,,,,,,,,,,,
Alabama : electric utility,thousand megawatthours,ELEC.GEN.WND-AL-1.A,--,--,--,--,--,--,--,--,--,--,--,--,--,--,--,--,--,--,--
Alabama : independent power producers,thousand megawatthours,ELEC.GEN.WND-AL-94.A,--,--,--,--,--,--,--,--,--,--,--,--,--,--,--,--,--,--,--
Alabama : all commercial,thousand megawatthours,ELEC.GEN.WND-AL-96.A,--,--,--,--,--,--,--,--,--,--,--,--,--,--,--,--,--,--,--
Alabama : all industrial,thousand megawatthours,ELEC.GEN.WND-AL-97.A,--,--,--,--,--,--,--,--,--,--,--,--,--,--,--,--,--,--,--
Kentucky,thousand megawatthours,ELEC.GEN.WND-KY-99.A,,,,,,,,,,,,,,,,,,,
Kentucky : all sectors,thousand megawatthours,ELEC.GEN.WND-KY-99.A,--,--,--,--,--,--,--,--,--,--,--,--,--,--,--,--,--,--,--
Kentucky : electric power,,ELEC.GEN.WND-KY-98.A,,,,,,,,,,,,,,,,,,,
Kentucky : electric utility,thousand megawatthours,ELEC.GEN.WND-KY-1.A,--,--,--,--,--,--,--,--,--,--,--,--,--,--,--,--,--,--,--
Kentucky : independent power producers,thousand megawatthours,ELEC.GEN.WND-KY-94.A,--,--,--,--,--,--,--,--,--,--,--,--,--,--,--,--,--,--,--
Kentucky : all commercial,thousand megawatthours,ELEC.GEN.WND-KY-96.A,--,--,--,--,--,--,--,--,--,--,--,--,--,--,--,--,--,--,--
Kentucky : all industrial,thousand megawatthours,ELEC.GEN.WND-KY-97.A,--,--,--,--,--,--,--,--,--,--,--,--,--,--,--,--,--,--,--
Mississippi,thousand megawatthours,ELEC.GEN.WND-MS-99.A,,,,,,,,,,,,,,,,,,,
Mississippi : all sectors,thousand megawatthours,ELEC.GEN.WND-MS-99.A,--,--,--,--,--,--,--,--,--,--,--,--,--,--,--,--,--,--,--
Mississippi : electric power,,ELEC.GEN.WND-MS-98.A,,,,,,,,,,,,,,,,,,,
Mississippi : electric utility,thousand megawatthours,ELEC.GEN.WND-MS-1.A,--,--,--,--,--,--,--,--,--,--,--,--,--,--,--,--,--,--,--
Mississippi : independent power producers,thousand megawatthours,ELEC.GEN.WND-MS-94.A,--,--,--,--,--,--,--,--,--,--,--,--,--,--,--,--,--,--,--
Mississippi : all commercial,thousand megawatthours,ELEC.GEN.WND-MS-96.A,--,--,--,--,--,--,--,--,--,--,--,--,--,--,--,--,--,--,--
Mississippi : all industrial,thousand megawatthours,ELEC.GEN.WND-MS-97.A,--,--,--,--,--,--,--,--,--,--,--,--,--,--,--,--,--,--,--
Tennessee,thousand megawatthours,ELEC.GEN.WND-TN-99.A,,,,,,,,,,,,,,,,,,,
Tennessee : all sectors,thousand megawatthours,ELEC.GEN.WND-TN-99.A,--,4,4,4,3,55,50,50,52,41,53,47,47,51,46,38,43,41,41
Tennessee : electric power,,ELEC.GEN.WND-TN-98.A,,,,,,,,,,,,,,,,,,,
Tennessee : electric utility,thousand megawatthours,ELEC.GEN.WND-TN-1.A,--,4,4,4,3,3,2,2,0,0,0,0,0,0,0,0,0,0,0
Tennessee : independent power producers,thousand megawatthours,ELEC.GEN.WND-TN-94.A,--,--,--,--,--,52,48,48,51,41,53,47,47,51,46,38,43,41,41
Tennessee : all commercial,thousand megawatthours,ELEC.GEN.WND-TN-96.A,--,--,--,--,--,--,--,--,--,--,--,--,--,--,--,--,--,--,--
Tennessee : all industrial,thousand megawatthours,ELEC.GEN.WND-TN-97.A,--,--,--,--,--,--,--,--,--,--,--,--,--,--,--,--,--,--,--
West South Central,thousand megawatthours,ELEC.GEN.WND-WSC-99.A,,,,,,,,,,,,,,,,,,,
West South Central : all sectors,thousand megawatthours,ELEC.GEN.WND-WSC-99.A,1188,2656,2624,3710,5085,8383,10856,18583,22724,30059,36153,40372,47036,51942,58864,77600,90660,103039,113312
West South Central : electric power,,ELEC.GEN.WND-WSC-98.A,,,,,,,,,,,,,,,,,,,
West South Central : electric utility,thousand megawatthours,ELEC.GEN.WND-WSC-1.A,--,2,3,2,1,4,359,431,390,706,794,1912,1951,1941,1707,1686,1570,1628,1685
West South Central : independent power producers,thousand megawatthours,ELEC.GEN.WND-WSC-94.A,1188,2654,2621,3708,5084,8379,10497,18152,22335,29354,35359,38459,45085,49977,57126,75866,89037,101348,111561
West South Central : all commercial,thousand megawatthours,ELEC.GEN.WND-WSC-96.A,--,--,--,--,--,--,--,--,--,--,--,--,--,24,31,48,42,53,54
West South Central : all industrial,thousand megawatthours,ELEC.GEN.WND-WSC-97.A,--,--,--,--,--,--,--,--,--,--,--,--,--,--,--,--,11,10,12
Arkansas,thousand megawatthours,ELEC.GEN.WND-AR-99.A,,,,,,,,,,,,,,,,,,,
Arkansas : all sectors,thousand megawatthours,ELEC.GEN.WND-AR-99.A,--,--,--,--,--,--,--,--,--,--,--,--,--,--,--,--,--,--,--
Arkansas : electric power,,ELEC.GEN.WND-AR-98.A,,,,,,,,,,,,,,,,,,,
Arkansas : electric utility,thousand megawatthours,ELEC.GEN.WND-AR-1.A,--,--,--,--,--,--,--,--,--,--,--,--,--,--,--,--,--,--,--
Arkansas : independent power producers,thousand megawatthours,ELEC.GEN.WND-AR-94.A,--,--,--,--,--,--,--,--,--,--,--,--,--,--,--,--,--,--,--
Arkansas : all commercial,thousand megawatthours,ELEC.GEN.WND-AR-96.A,--,--,--,--,--,--,--,--,--,--,--,--,--,--,--,--,--,--,--
Arkansas : all industrial,thousand megawatthours,ELEC.GEN.WND-AR-97.A,--,--,--,--,--,--,--,--,--,--,--,--,--,--,--,--,--,--,--
Louisiana,thousand megawatthours,ELEC.GEN.WND-LA-99.A,,,,,,,,,,,,,,,,,,,
Louisiana : all sectors,thousand megawatthours,ELEC.GEN.WND-LA-99.A,--,--,--,--,--,--,--,--,--,--,--,--,--,--,--,--,--,--,--
Louisiana : electric power,,ELEC.GEN.WND-LA-98.A,,,,,,,,,,,,,,,,,,,
Louisiana : electric utility,thousand megawatthours,ELEC.GEN.WND-LA-1.A,--,--,--,--,--,--,--,--,--,--,--,--,--,--,--,--,--,--,--
Louisiana : independent power producers,thousand megawatthours,ELEC.GEN.WND-LA-94.A,--,--,--,--,--,--,--,--,--,--,--,--,--,--,--,--,--,--,--
Louisiana : all commercial,thousand megawatthours,ELEC.GEN.WND-LA-96.A,--,--,--,--,--,--,--,--,--,--,--,--,--,--,--,--,--,--,--
Louisiana : all industrial,thousand megawatthours,ELEC.GEN.WND-LA-97.A,--,--,--,--,--,--,--,--,--,--,--,--,--,--,--,--,--,--,--
Oklahoma,thousand megawatthours,ELEC.GEN.WND-OK-99.A,,,,,,,,,,,,,,,,,,,
Oklahoma : all sectors,thousand megawatthours,ELEC.GEN.WND-OK-99.A,--,--,54,573,848,1712,1849,2358,2698,3808,5605,8158,11162,11937,14031,20069,23599,27338,28883
Oklahoma : electric power,,ELEC.GEN.WND-OK-98.A,,,,,,,,,,,,,,,,,,,
Oklahoma : electric utility,thousand megawatthours,ELEC.GEN.WND-OK-1.A,--,--,--,--,--,3,358,430,389,705,660,1594,1630,1646,1426,1430,1368,1339,1403
Oklahoma : independent power producers,thousand megawatthours,ELEC.GEN.WND-OK-94.A,--,--,54,573,848,1709,1491,1929,2310,3103,4945,6564,9532,10291,12605,18639,22231,25999,27479
Oklahoma : all commercial,thousand megawatthours,ELEC.GEN.WND-OK-96.A,--,--,--,--,--,--,--,--,--,--,--,--,--,--,--,--,--,--,--
Oklahoma : all industrial,thousand megawatthours,ELEC.GEN.WND-OK-97.A,--,--,--,--,--,--,--,--,--,--,--,--,--,--,--,--,--,--,--
Texas,thousand megawatthours,ELEC.GEN.WND-TX-99.A,,,,,,,,,,,,,,,,,,,
Texas : all sectors,thousand megawatthours,ELEC.GEN.WND-TX-99.A,1188,2656,2570,3138,4237,6671,9006,16225,20026,26251,30548,32214,35874,40005,44833,57531,67061,75700,84429
Texas : electric power,,ELEC.GEN.WND-TX-98.A,,,,,,,,,,,,,,,,,,,
Texas : electric utility,thousand megawatthours,ELEC.GEN.WND-TX-1.A,--,2,3,2,1,0,1,1,1,1,134,319,321,295,281,256,202,289,282
Texas : independent power producers,thousand megawatthours,ELEC.GEN.WND-TX-94.A,1188,2654,2567,3135,4236,6670,9006,16224,20025,26251,30414,31895,35553,39686,44521,57227,66806,75349,84081
Texas : all commercial,thousand megawatthours,ELEC.GEN.WND-TX-96.A,--,--,--,--,--,--,--,--,--,--,--,--,--,24,31,48,42,53,54
Texas : all industrial,thousand megawatthours,ELEC.GEN.WND-TX-97.A,--,--,--,--,--,--,--,--,--,--,--,--,--,--,--,--,11,10,12
Mountain,thousand megawatthours,ELEC.GEN.WND-MTN-99.A,,,,,,,,,,,,,,,,,,,
Mountain : all sectors,thousand megawatthours,ELEC.GEN.WND-MTN-99.A,414,586,696,1350,2288,3486,4108,6651,8260,10484,15317,17080,19285,20257,18945,23842,24719,26339,28497
Mountain : electric power,,ELEC.GEN.WND-MTN-98.A,,,,,,,,,,,,,,,,,,,
Mountain : electric utility,thousand megawatthours,ELEC.GEN.WND-MTN-1.A,55,79,74,83,73,82,76,115,1157,1624,2292,2186,2585,2473,2160,2450,2539,2984,4689
Mountain : independent power producers,thousand megawatthours,ELEC.GEN.WND-MTN-94.A,359,507,622,1267,2215,3403,4032,6536,7103,8861,13013,14882,16689,17777,16776,21385,22173,23349,23800
Mountain : all commercial,thousand megawatthours,ELEC.GEN.WND-MTN-96.A,--,--,--,--,--,--,--,--,--,0,9,9,8,3,7,4,4,3,NM
Mountain : all industrial,thousand megawatthours,ELEC.GEN.WND-MTN-97.A,--,--,--,--,--,--,--,--,--,0,3,3,3,3,3,3,3,3,3
Arizona,thousand megawatthours,ELEC.GEN.WND-AZ-99.A,,,,,,,,,,,,,,,,,,,
Arizona : all sectors,thousand megawatthours,ELEC.GEN.WND-AZ-99.A,--,--,--,--,--,--,--,--,30,135,256,532,450,468,452,542,570,530,557
Arizona : electric power,,ELEC.GEN.WND-AZ-98.A,,,,,,,,,,,,,,,,,,,
Arizona : electric utility,thousand megawatthours,ELEC.GEN.WND-AZ-1.A,--,--,--,--,--,--,--,--,--,--,--,--,--,--,--,--,--,--,--
Arizona : independent power producers,thousand megawatthours,ELEC.GEN.WND-AZ-94.A,--,--,--,--,--,--,--,--,30,135,256,532,450,468,452,542,570,530,557
Arizona : all commercial,thousand megawatthours,ELEC.GEN.WND-AZ-96.A,--,--,--,--,--,--,--,--,--,--,--,--,--,--,--,--,--,--,--
Arizona : all industrial,thousand megawatthours,ELEC.GEN.WND-AZ-97.A,--,--,--,--,--,--,--,--,--,--,--,--,--,--,--,--,--,--,--
Colorado,thousand megawatthours,ELEC.GEN.WND-CO-99.A,,,,,,,,,,,,,,,,,,,
Colorado : all sectors,thousand megawatthours,ELEC.GEN.WND-CO-99.A,49,139,147,220,776,866,1292,3221,3164,3452,5200,5969,7204,7369,7475,9421,9315,9745,10926
Colorado : electric power,,ELEC.GEN.WND-CO-98.A,,,,,,,,,,,,,,,,,,,
Colorado : electric utility,thousand megawatthours,ELEC.GEN.WND-CO-1.A,39,60,58,68,58,62,59,70,59,65,73,74,171,169,135,139,295,508,2284
Colorado : independent power producers,thousand megawatthours,ELEC.GEN.WND-CO-94.A,10,79,89,152,718,804,1233,3151,3105,3387,5119,5886,7025,7196,7334,9278,9015,9234,8637
Colorado : all commercial,thousand megawatthours,ELEC.GEN.WND-CO-96.A,--,--,--,--,--,--,--,--,--,0,6,5,5,0,4,1,1,0,NM
Colorado : all industrial,thousand megawatthours,ELEC.GEN.WND-CO-97.A,--,--,--,--,--,--,--,--,--,0,3,3,3,3,3,3,3,3,3
Idaho,thousand megawatthours,ELEC.GEN.WND-ID-99.A,,,,,,,,,,,,,,,,,,,
Idaho : all sectors,thousand megawatthours,ELEC.GEN.WND-ID-99.A,--,--,--,--,--,170,172,207,313,441,1307,1891,2460,2806,2270,2578,2545,2655,2657
Idaho : electric power,,ELEC.GEN.WND-ID-98.A,,,,,,,,,,,,,,,,,,,
Idaho : electric utility,thousand megawatthours,ELEC.GEN.WND-ID-1.A,--,--,--,--,--,--,--,--,--,--,--,60,133,164,146,--,171,160,159
Idaho : independent power producers,thousand megawatthours,ELEC.GEN.WND-ID-94.A,--,--,--,--,--,170,172,207,313,441,1307,1830,2328,2641,2270,2578,2374,2495,2498
Idaho : all commercial,thousand megawatthours,ELEC.GEN.WND-ID-96.A,--,--,--,--,--,--,--,--,--,--,--,--,--,--,--,--,--,--,--
Idaho : all industrial,thousand megawatthours,ELEC.GEN.WND-ID-97.A,--,--,--,--,--,--,--,--,--,--,--,--,--,--,--,--,--,--,--
Montana,thousand megawatthours,ELEC.GEN.WND-MT-99.A,,,,,,,,,,,,,,,,,,,
Montana : all sectors,thousand megawatthours,ELEC.GEN.WND-MT-99.A,--,--,--,--,--,436,496,593,821,930,1265,1262,1755,1974,1965,2140,2155,2153,2323
Montana : electric power,,ELEC.GEN.WND-MT-98.A,,,,,,,,,,,,,,,,,,,
Montana : electric utility,thousand megawatthours,ELEC.GEN.WND-MT-1.A,--,--,--,--,--,--,--,--,68,68,99,101,237,233,217,231,225,242,224
Montana : independent power producers,thousand megawatthours,ELEC.GEN.WND-MT-94.A,--,--,--,--,--,436,496,593,753,862,1166,1161,1517,1741,1748,1909,1930,1911,2098
Montana : all commercial,thousand megawatthours,ELEC.GEN.WND-MT-96.A,--,--,--,--,--,--,--,--,--,--,--,--,--,--,--,--,--,--,--
Montana : all industrial,thousand megawatthours,ELEC.GEN.WND-MT-97.A,--,--,--,--,--,--,--,--,--,--,--,--,--,--,--,--,--,--,--
Nevada,thousand megawatthours,ELEC.GEN.WND-NV-99.A,,,,,,,,,,,,,,,,,,,
Nevada : all sectors,thousand megawatthours,ELEC.GEN.WND-NV-99.A,--,--,--,--,--,--,--,--,--,--,--,129,251,300,310,344,361,312,324
Nevada : electric power,,ELEC.GEN.WND-NV-98.A,,,,,,,,,,,,,,,,,,,
Nevada : electric utility,thousand megawatthours,ELEC.GEN.WND-NV-1.A,--,--,--,--,--,--,--,--,--,--,--,--,--,--,--,--,--,--,--
Nevada : independent power producers,thousand megawatthours,ELEC.GEN.WND-NV-94.A,--,--,--,--,--,--,--,--,--,--,--,129,251,300,310,344,361,312,324
Nevada : all commercial,thousand megawatthours,ELEC.GEN.WND-NV-96.A,--,--,--,--,--,--,--,--,--,--,--,--,--,--,--,--,--,--,--
Nevada : all industrial,thousand megawatthours,ELEC.GEN.WND-NV-97.A,--,--,--,--,--,--,--,--,--,--,--,--,--,--,--,--,--,--,--
New Mexico,thousand megawatthours,ELEC.GEN.WND-NM-99.A,,,,,,,,,,,,,,,,,,,
New Mexico : all sectors,thousand megawatthours,ELEC.GEN.WND-NM-99.A,--,--,183,513,795,1255,1393,1643,1547,1832,2104,2226,2193,2275,2090,3605,4595,6092,6860
New Mexico : electric power,,ELEC.GEN.WND-NM-98.A,,,,,,,,,,,,,,,,,,,
New Mexico : electric utility,thousand megawatthours,ELEC.GEN.WND-NM-1.A,--,--,--,--,--,--,--,--,--,--,--,--,--,--,--,--,--,--,--
New Mexico : independent power producers,thousand megawatthours,ELEC.GEN.WND-NM-94.A,--,--,183,513,795,1255,1393,1643,1547,1832,2101,2222,2190,2272,2087,3603,4592,6089,6857
New Mexico : all commercial,thousand megawatthours,ELEC.GEN.WND-NM-96.A,--,--,--,--,--,--,--,--,--,--,3,4,3,3,3,3,3,3,NM
New Mexico : all industrial,thousand megawatthours,ELEC.GEN.WND-NM-97.A,--,--,--,--,--,--,--,--,--,--,--,--,--,--,--,--,--,--,--
Utah,thousand megawatthours,ELEC.GEN.WND-UT-99.A,,,,,,,,,,,,,,,,,,,
Utah : all sectors,thousand megawatthours,ELEC.GEN.WND-UT-99.A,--,--,--,--,--,--,--,24,160,448,573,704,540,660,626,822,858,795,809
Utah : electric power,,ELEC.GEN.WND-UT-98.A,,,,,,,,,,,,,,,,,,,
Utah : electric utility,thousand megawatthours,ELEC.GEN.WND-UT-1.A,--,--,--,--,--,--,--,--,--,--,--,--,--,--,--,--,--,--,--
Utah : independent power producers,thousand megawatthours,ELEC.GEN.WND-UT-94.A,--,--,--,--,--,--,--,24,160,448,573,704,540,660,626,822,858,795,809
Utah : all commercial,thousand megawatthours,ELEC.GEN.WND-UT-96.A,--,--,--,--,--,--,--,--,--,--,--,--,--,--,--,--,--,--,--
Utah : all industrial,thousand megawatthours,ELEC.GEN.WND-UT-97.A,--,--,--,--,--,--,--,--,--,--,--,--,--,--,--,--,--,--,--
Wyoming,thousand megawatthours,ELEC.GEN.WND-WY-99.A,,,,,,,,,,,,,,,,,,,
Wyoming : all sectors,thousand megawatthours,ELEC.GEN.WND-WY-99.A,365,447,366,617,717,759,755,963,2226,3247,4612,4369,4433,4406,3757,4389,4321,4057,4042
Wyoming : electric power,,ELEC.GEN.WND-WY-98.A,,,,,,,,,,,,,,,,,,,
Wyoming : electric utility,thousand megawatthours,ELEC.GEN.WND-WY-1.A,16,19,16,15,15,20,17,45,1030,1491,2120,1951,2045,1908,1808,2080,1848,2074,2021
Wyoming : independent power producers,thousand megawatthours,ELEC.GEN.WND-WY-94.A,349,428,351,602,702,739,738,918,1196,1756,2491,2418,2389,2498,1949,2309,2473,1983,2020
Wyoming : all commercial,thousand megawatthours,ELEC.GEN.WND-WY-96.A,--,--,--,--,--,--,--,--,--,--,--,--,--,--,--,--,--,--,--
Wyoming : all industrial,thousand megawatthours,ELEC.GEN.WND-WY-97.A,--,--,--,--,--,--,--,--,--,--,--,--,--,--,--,--,--,--,--
Pacific Contiguous,thousand megawatthours,ELEC.GEN.WND-PCC-99.A,,,,,,,,,,,,,,,,,,,
Pacific Contiguous : all sectors,thousand megawatthours,ELEC.GEN.WND-PCC-99.A,3588,4595,4943,5661,5495,6852,9270,11618,12882,14743,18790,22697,27282,27816,25936,28708,25975,29371,29863
Pacific Contiguous : electric power,,ELEC.GEN.WND-PCC-98.A,,,,,,,,,,,,,,,,,,,
Pacific Contiguous : electric utility,thousand megawatthours,ELEC.GEN.WND-PCC-1.A,7,42,151,194,184,679,1758,3008,2985,3442,4008,5431,5615,5782,5690,6311,5544,6313,6045
Pacific Contiguous : independent power producers,thousand megawatthours,ELEC.GEN.WND-PCC-94.A,3581,4553,4792,5467,5311,6173,7512,8610,9897,11301,14781,17266,21664,22029,20237,22385,20420,23048,23807
Pacific Contiguous : all commercial,thousand megawatthours,ELEC.GEN.WND-PCC-96.A,--,--,--,--,--,--,--,--,--,--,--,0,1,3,5,6,6,6,6
Pacific Contiguous : all industrial,thousand megawatthours,ELEC.GEN.WND-PCC-97.A,--,--,--,--,--,--,--,--,--,--,--,0,2,2,4,5,5,5,5
California,thousand megawatthours,ELEC.GEN.WND-CA-99.A,,,,,,,,,,,,,,,,,,,
California : all sectors,thousand megawatthours,ELEC.GEN.WND-CA-99.A,3500,3803,3895,4306,4262,4883,5585,5385,5840,6079,7752,9754,12822,12992,12230,13509,12823,14024,14970
California : electric power,,ELEC.GEN.WND-CA-98.A,,,,,,,,,,,,,,,,,,,
California : electric utility,thousand megawatthours,ELEC.GEN.WND-CA-1.A,7,4,27,42,37,74,117,261,309,543,507,797,892,846,693,704,789,850,815
California : independent power producers,thousand megawatthours,ELEC.GEN.WND-CA-94.A,3493,3798,3869,4264,4225,4809,5468,5124,5531,5536,7245,8957,11928,12142,11527,12794,12023,13163,14144
California : all commercial,thousand megawatthours,ELEC.GEN.WND-CA-96.A,--,--,--,--,--,--,--,--,--,--,--,0,1,3,5,6,6,6,6
California : all industrial,thousand megawatthours,ELEC.GEN.WND-CA-97.A,--,--,--,--,--,--,--,--,--,--,--,0,2,2,4,5,5,5,5
Oregon,thousand megawatthours,ELEC.GEN.WND-OR-99.A,,,,,,,,,,,,,,,,,,,
Oregon : all sectors,thousand megawatthours,ELEC.GEN.WND-OR-99.A,89,376,444,619,734,931,1247,2575,3470,3920,4775,6343,7456,7555,6632,7157,6227,7447,7169
Oregon : electric power,,ELEC.GEN.WND-OR-98.A,,,,,,,,,,,,,,,,,,,
Oregon : electric utility,thousand megawatthours,ELEC.GEN.WND-OR-1.A,--,--,--,--,--,68,302,758,603,536,721,1299,1397,1358,1234,1261,1051,1244,1181
Oregon : independent power producers,thousand megawatthours,ELEC.GEN.WND-OR-94.A,89,376,444,619,734,864,945,1817,2867,3384,4054,5044,6059,6198,5398,5896,5176,6204,5988
Oregon : all commercial,thousand megawatthours,ELEC.GEN.WND-OR-96.A,--,--,--,--,--,--,--,--,--,--,--,--,--,--,--,--,--,--,--
Oregon : all industrial,thousand megawatthours,ELEC.GEN.WND-OR-97.A,--,--,--,--,--,--,--,--,--,--,--,--,--,--,--,--,--,--,--
Washington,thousand megawatthours,ELEC.GEN.WND-WA-99.A,,,,,,,,,,,,,,,,,,,
Washington : all sectors,thousand megawatthours,ELEC.GEN.WND-WA-99.A,--,417,604,737,498,1038,2438,3657,3572,4745,6262,6600,7004,7268,7075,8042,6925,7900,7724
Washington : electric power,,ELEC.GEN.WND-WA-98.A,,,,,,,,,,,,,,,,,,,
Washington : electric utility,thousand megawatthours,ELEC.GEN.WND-WA-1.A,--,38,124,153,147,537,1339,1988,2074,2364,2780,3335,3327,3579,3763,4346,3704,4219,4050
Washington : independent power producers,thousand megawatthours,ELEC.GEN.WND-WA-94.A,--,379,479,584,351,500,1099,1669,1499,2381,3482,3265,3678,3689,3312,3695,3221,3681,3674
Washington : all commercial,thousand megawatthours,ELEC.GEN.WND-WA-96.A,--,--,--,--,--,--,--,--,--,--,--,--,--,--,--,--,--,--,--
Washington : all industrial,thousand megawatthours,ELEC.GEN.WND-WA-97.A,--,--,--,--,--,--,--,--,--,--,--,--,--,--,--,--,--,--,--
Pacific Noncontiguous,thousand megawatthours,ELEC.GEN.WND-PCN-99.A,,,,,,,,,,,,,,,,,,,
Pacific Noncontiguous : all sectors,thousand megawatthours,ELEC.GEN.WND-PCN-99.A,3,2,2,7,7,80,239,240,258,274,353,416,649,731,772,808,674,757,749
Pacific Noncontiguous : electric power,,ELEC.GEN.WND-PCN-98.A,,,,,,,,,,,,,,,,,,,
Pacific Noncontiguous : electric utility,thousand megawatthours,ELEC.GEN.WND-PCN-1.A,3,2,2,1,2,2,0,0,7,13,12,19,99,100,105,109,91,99,98
Pacific Noncontiguous : independent power producers,thousand megawatthours,ELEC.GEN.WND-PCN-94.A,0,0,0,6,5,79,239,240,251,261,341,396,550,631,667,700,582,658,651
Pacific Noncontiguous : all commercial,thousand megawatthours,ELEC.GEN.WND-PCN-96.A,--,--,--,--,--,--,--,--,--,--,--,--,--,--,--,--,--,--,--
Pacific Noncontiguous : all industrial,thousand megawatthours,ELEC.GEN.WND-PCN-97.A,--,--,--,--,--,--,--,--,--,--,--,--,--,--,--,--,--,--,--
Alaska,thousand megawatthours,ELEC.GEN.WND-AK-99.A,,,,,,,,,,,,,,,,,,,
Alaska : all sectors,thousand megawatthours,ELEC.GEN.WND-AK-99.A,1,--,--,--,1,1,1,0,7,13,12,37,145,152,160,169,142,155,154
Alaska : electric power,,ELEC.GEN.WND-AK-98.A,,,,,,,,,,,,,,,,,,,
Alaska : electric utility,thousand megawatthours,ELEC.GEN.WND-AK-1.A,1,--,--,--,1,1,--,0,7,13,12,19,99,100,105,109,91,99,98
Alaska : independent power producers,thousand megawatthours,ELEC.GEN.WND-AK-94.A,--,--,--,--,--,--,1,--,--,--,--,18,46,52,55,60,50,56,56
Alaska : all commercial,thousand megawatthours,ELEC.GEN.WND-AK-96.A,--,--,--,--,--,--,--,--,--,--,--,--,--,--,--,--,--,--,--
Alaska : all industrial,thousand megawatthours,ELEC.GEN.WND-AK-97.A,--,--,--,--,--,--,--,--,--,--,--,--,--,--,--,--,--,--,--
Hawaii,thousand megawatthours,ELEC.GEN.WND-HI-99.A,,,,,,,,,,,,,,,,,,,
Hawaii : all sectors,thousand megawatthours,ELEC.GEN.WND-HI-99.A,2,2,2,7,7,80,238,240,251,261,341,378,503,579,613,639,532,602,595
Hawaii : electric power,,ELEC.GEN.WND-HI-98.A,,,,,,,,,,,,,,,,,,,
Hawaii : electric utility,thousand megawatthours,ELEC.GEN.WND-HI-1.A,2,2,2,1,2,1,0,0,0,0,--,--,--,--,--,--,--,--,--
Hawaii : independent power producers,thousand megawatthours,ELEC.GEN.WND-HI-94.A,0,0,0,6,5,79,238,240,251,261,341,378,503,579,613,639,532,602,595
Hawaii : all commercial,thousand megawatthours,ELEC.GEN.WND-HI-96.A,--,--,--,--,--,--,--,--,--,--,--,--,--,--,--,--,--,--,--
Hawaii : all industrial,thousand megawatthours,ELEC.GEN.WND-HI-97.A,--,--,--,--,--,--,--,--,--,--,--,--,--,--,--,--,--,--,--
